,No,,Nama Instansi Pemohon,Nomor Surat,Judul atau Tema Kegiatan,Lokasi/Tempat Kegiatan,Tanggal Mulai,Tanggal Selesai,Jam Mulai (WITA),Jam Selesai (WITA),Platform (Zoom/YT/Dll),Operator,dokumentasi ,AKUN ZOOM ,Informasi Pimpinan yang menghadiri kegiatan,KET
,1,,BKAD,,Verifikasi Rencana Anggaran KAS 2025 ,BKAD ,"Senin, 13 Januari 2025","Senin, 13 Januari 2025",10.00,Selesai',Fasilitasi Zoom,,,diskominfo.kaltara002@gmail.com,,
,2,,Dinas Energi dan sumber Daya Mineral ,500.10/33/DESDM-4,Rencana Pengembangan Lapangan Pertama (POD 1) Lapangan Badik & West Badik Wilayah Kerja Nunukan ,Ruang Rapat Gubernur ,"Senin, 13 Januari 2025","Senin, 13 Januari 2025",15.00,Selesai',Fasilitasi Zoom,,,,,
,3,,Dishub ,000.8.2/026/Dishub-Set/I/2025,"Pembahasan Perhitungan Formasi, Penilaian dan Perubahan JFT Dinas Perhubungan ",Dinas PErhubungan ,"Rabu, 15 Januari 2025","Rabu, 15 Januari 2025",10.00,Selesai',Fasilitasi Zoom,,,diskominfo.kaltara001@gmail.com,,
,4,,DPKP,500.1.2.3/084/DPKP-VI,Rapat koordinasi Pengembangan Jagung,Ruang Rapat Lt. 1 Kantor Gabungan Dinas II,"Senin, 20 Januari 2025","Senin, 20 Januari 2025",09.00,Selesai,Fasilitasi Zoom,,,,,
,5,,DKP,500.5.2.14/0097/DKP,Penataan Kampung Nelayan Maju Tahun Anggaran 2025,,"Rabu, 22 Januari 2025","Rabu, 22 Januari 2025",09.00,Selesai,Fasilitasi Zoom,,,,,
,6,,KPK-RI,UND/37/LIT.05/10-14/01/2025,"Undangan Launching Hasil
Survei Penilaian Integritas (SPI) 2024",Ruang Kantor Gubernur,"Rabu, 22 Januari 2025","Rabu, 22 Januari 2025",14.00,Selesai,Fasilitasi Zoom,,,,,
,7,,DPD Persatuan Intelegensia Kristen Indonesia,011/DPD-PIKI-Kaltara/I/2025,Seminar Kebangsaan dan Kebaktian Kebangunan Rohani (KKR) Provinsi Kalimantan Utara,Ruang Serbaguna Gedung Gadis,"Kamis, 23 Januari 2025","Kamis, 23 Januari 2025",8.30,Selesai,Live Streaming,,,,,
,8,,DKISP Perencanaan,,Pembahasan Renstra dan Renja 2026,Ruang Command Center,"Kamis, 23 Januari 2025","Kamis, 23 Januari 2025",14.00,Selesai,-,,,,,
,9,,Biro Pem Otda,100.3.7.1/32/PEM.OTDA,Pembahasan Draft Usulan Perpanjangan Kesepakatan Bersama ,Ruang Rapat Biro Pem,"Selasa, 04 Februari 2025","Selasa, 04 Februari 2025",9.30,Selesai,Fasilitasi Zoom,,,,,
,10,,"Biro Pemerintahan dan
Otonomi Daerah",500.12.17.1/17/PEMOTDA,"Rapat pembahasan Kerja Sama
antara Pemerintah Provinsi Kalimantan Utara dengan Universitas Brawijaya","Ruang Rapat Biro Pemerintahan dan Otda, Lantai ll","Selasa, 11 Februari 2025","Selasa, 11 Februari 2025",09.00,Selesai,Fasilitasi Zoom,,8,,,
,11,,Dinas Kelautan ,,Pembangunan Kegiatan Fisik ,Online,"Rabu, 12 Februari 2025","Rabu, 12 Februari 2025",09.00,Selesai,Pinjam Akun ,,,diskominfo.kaltara002@gmail.com,,
,12,,IKP,,Rapat Internal,Ruang Command Center,"Kamis, 13 Februari 2025","Kamis, 13 Februari 2025",14.00,Selesai,,,,,,
,13,,Pemprov Kaltara,,Perayaan Natal dan Kerukunan Keluarga,Gedung Wanita,"Kamis, 13 Februari 2025","Kamis, 13 Februari 2025",09.00,Selesai,Live Streaming,,,,,
,14,,DINAS KELAUTAN ,500.5.2.1/0221/DKP,VALIDASI  DATA STATISTIK PERIKANAN,Online,"Senin, 17 Februari 2025","Kamis, 20 Februari 2025",09.00,Selesai,Pinjam Akun ,,,diskominfo.kaltara001@gmail.com,,
,15,,Aptika,,Rapat Evaluasi SPBE,Ruang Command Center,"Selasa, 18 Februari 2025","Kamis, 20 Februari 2025",,,,,,,,
,16,,IKP,,Rapat Internal,Online,"Rabu, 19 Februari 2025","Rabu, 19 Februari 2025",14.00,Selesai,Pinjam Akun ,,,diskominfo.kaltara002@gmail.com,,
,17,,IKP,,Persiapan Uji Konsekuensi Dokumen Informasi Publik,Ruang Command Center,"Jumat, 21 Februari 2025","Jumat, 21 Februari 2025",9.00,Selesai,Pinjam Akun ,,,diskominfo.kaltara001@gmail.com,,
,18,,Dinas Kelautan Dan Perikanan,500.5/0234/DKP,Rapat Teknis Persiapan Pra-Rakortekbang Tahun 2025,Online,"Kamis, 20 Februari 2025","Kamis, 20 Februari 2025",09.00,Selesai,Akun Zoom,,,diskominfo.kaltara002@gmail.com,,
,19,,Statistik,,Rapat Internal Statistik,Ruang Command Center,"Rabu, 26 Februari 2025","Rabu, 26 Februari 2025",14.00,Selesai,,,,,,
,20,,Dinas Sosial,010/072/Dinsos-Set,"Sosialisasi Perda Prov Kaltara tentang Penghormatan, Perlindungan dan Pemenuhan Hak Penyandang Disabilitas",Ruang Rapat Lantai 4 Kantor Gubernur Baru,"Kamis, 27 Februari 2025","Kamis, 27 Februari 2025",8.00,Selesai,Fasilitasi Zoom dan Live Streaming,,,diskominfo.kaltara002@gmail.com,,
,21,,BAPPEDA,,Konsultasi Publik RKPD Tahun 2026,Ruang RApat Lantai 1 Gedung gadis lantai 1,"Selasa, 25 Februari 2025","Selasa, 25 Februari 2025",9.00,Selesai,Fasilitasi Zoom dan Live Streaming,,,diskominfo.kaltara002@gmail.com,,
,22,,DKP,000.5.6.2/0249/DKP,Rapat Pembahasan Daftar Berkas Arsip Usul Musnah dan Permanen di Lingkungan Dinas Kelautan dan Perikanan Provinsi Kalimantan Utara,Ruang Rapat DKP,"Kamis, 27 Februari 2025","Kamis, 27 Februari 2025",8.00,Selesai,Pinjam Akun,,,diskominfo.kaltara001@gmail.com,,
,23,,PKK,,Rapat Persiapan Pelantikan Ketua TP PKK se Kabupaten/Kota di Prov Kaltara,Online,"Minggu, 2 Maret 2025","Minggu, 2 Maret 2025",21.00,Selesai,Pinjam Akun,,,diskominfo.kaltara001@gmail.com,,
,24,,BPS,B-43/650000/HM.300/2025,"Sosialisasi hasil kegiatan statistik, BPS Provinsi Kaltara",Ruang Rapat Asisten 2,"Senin, 03 Maret 2025","Senin, 03 Maret 2025",12.00,Selesai,Fasilitasi Zoom,,,,,
,25,,PKK,,Rapat Persiapan Pelantikan,Online,"Selasa, 04 Maret 2025","Selasa, 04 Maret 2025",14.00,Selesai,Akun Zoom,,,diskominfo.kaltara001@gmail.com,,
,26,,KPK-RI,B/1260/KSP.00/70-75/02/2025,"
Peluncuran Indikator Indeks Pencegahan Korupsi Daerah (IPKD) MCP Tahun 2025",Rujab Gubernur,"Rabu, 05 Maret 2025","Rabu, 05 Maret 2025",08.30,12.00,Fasilitasi Zoom,,,,,
,27,,Bank Indonesia,27/122/Trk/Srt/B,Permohonan Membuka dan Memimpin Rapat Konsolidasi Program TPID dan TP2DD Provinsi Kalimantan Utara 2025,Ruang Aula Kantor Gub lt.1,"Rabu, 05 Maret 2025","Rabu, 05 Maret 2025",14.00,18.00,Fasilitasi Zoom,,,,,
,28,,DKP,,Pendampingan Pengisian SKRJ Dinas Kelautan dan Perikanan Provinsi Kalimantan Utara,,"Jumat, 07 Maret 2025","Jumat, 07 Maret 2025",9.00,,Fasilitasi Zoom,,,diskominfo.kaltara001@gmail.com,,
,29,,Biro Administrasi Pembangunan,000.1.4/0073/B.ABANG, Rencana Pembentukan Forum Tanggung Jawab Sosial dan Lingkungan Perusahaan Provinsi Kalimantan Utara Tahun Anggaran 2025 - 2030,Ruang Rapat Lt. 1 Gadis II,"Selasa, 11 Maret 2025","Selasa, 11 Maret 2025",08.30,Selesai,Akun Zoom,,,diskominfo.kaltara001@gmail.com,,
,30,,DISHUB ,,Rapat Koordinasi LLAJ Dalam Dangka Persiapan Angkutan Lebaran Tahun 2025,,"Selasa, 11 Maret 2025","Selasa, 11 Maret 2025",14.00,Selesai,,,,,,
,31,,PBJ,000.5.2.9/158/BPBJ-II,Live Testing Pemanfaatan dan Integrasi Pembayaran Katalog Elektronik Versi 6 Pengadaan Barang dan Jasa,Ruang Command Center,"Rabu, 12 Maret 2025","Rabu, 12 Maret 2025",8.00,Selesai,Pinjam Ruangan & Akun Zoom,,,diskominfo.kaltara002@gmail.com,,
,32,,KEMENDAGRI,500.2.3/1610/SJ,Rapat Koordinasi Pengendalian Inflasi Daerah Tahun 2025 dirangkaikan dengan Akselerasi Sertifikasi Produk Halal,RUANG GUB Lantai 4,"Senin, 10 Maret 2025","Senin, 10 Maret 2025",8.00,Selesai,Akun Zoom,,,,,
,33,,BAPPEDA,600/260/BAPP-LIT.G, Bimtek Penyusunan Pohon Kinerja dan Renstra Perangkat Daerah,GADIS 1 LANTAI 1,"Selasa, 11 Maret 2025","Selasa, 11 Maret 2025",8.00,Selesai,Faslitasi Peralatan,,,,,
,34,,DISHUB ,000.92/148/Dishub/Set,Seminar Awal Survei Indeks Kepuasan Masyarakat (IKM) terhadap Layanan Transportasi di Provinsi Kalimantan Utara Tahun 2025,,"Jumat, 14 Maret 2025","Jumat, 14 Maret 2025",13.30,Selesai,,,,diskominfo.kaltara002@gmail.com,,
,35,,Assisten 2,000.10.5/1513/BSKDN,"Strategi Implementasi Wastewater Based Epidemiology (WBE) di Indonesia
dalam Upaya Penurunan Stunting dan Peningkatan Perbaikan Gizi Nasional",Assisten 2,"Selasa, 11 Maret 2025","Selasa, 11 Maret 2025",9.00,Selesai,Operator,,,,,
,36,,DPMD,140/045/DPMD.1,Buka Bersama Keluarga Besar DPMD Kaltara,Ruang Command Center,"Selasa, 11 Maret 2025","Selasa, 11 Maret 2025",16.00,Selesai,Peminjaman Ruangan,,,,,
,37,,BKD,,Pelantikan Eselon II dan Fungsional ,Gadis Lantai 1,"Rabu, 12 Maret 2025","Rabu, 12 Maret 2025",09.00,Selesai,Live YT,,,,,
,38,,BAPPEDA,,Rakortekbang,,"Senin, 17 Maret 2025","Jumat, 21 Maret 2025",09.00,Selesai,Zoom,,,diskominfo.kaltara002@gmail.com,,
,39,,Sekda,500.2.3/1721/SJ,RAKOR PENANDATANGANAN NOTA KESEPAHAMAN KMA PEMERIKSAAN KESEHATAN GRATIS DAN IMPLEMENTASI PROGRAM 3 JUTA RUMAH TTK KMA,Sekda,"Senin, 17 Maret 2025","Senin, 17 Maret 2025",09.01,Selesai,Fasilitasi Zoom,,,,,
,40,,Pesandian,,Rakor Pembentukan PPIS,Command Center,"Kamis, 20 Maret 2025","Kamis, 20 Maret 2025",09.00,Selesai,Pinjam Ruangan CC,,,,,
,41,,Statistik,,Uji Coba Program Sidara Cantik,Command Center,"Selasa, 18 Maret 2025","Selasa, 18 Maret 2025",08.00,Selesai,Pinjam Ruangan CC & Fasilitasi Zoom,,,,,
,42,,Gub,800.1.2/1785/SJ,RAPAT KOORDINASI (RAKOR) KURTUP TINDAK LANJUT HASIL PENGADAAN CASN TA 2024,Ruang Rapat Gub,"Rabu, 19 Maret 2025","Rabu, 19 Maret 2025",09.00,Selesai,Fasilitasi Operator,,,,,
,43,,KOMINFO,,Klarifikasi Teknis dan Negosiasi Belanja Jasa Konsultansi Penyusunan Pedoman Manajemen Layanan SPBE,Command Center,"Rabu, 19 Maret 2025","Rabu, 19 Maret 2025",09.00,Selesai,ID ZOOM,,,,,
,44,,Bappeda,,Forum Penjaringan Aspirasi Inklusif Mentari Kaltara,Ruang Serbaguna,"Kamis, 20 Maret 2025","Kamis, 20 Maret 2025",08.00,Selesai,Fasilitasi Zoom & Live Streaming,,,diskominfo.kaltara001@gmail.com,,
,45,,Sekda,,Sosialisasi Perlindungan Jaminan Sosial,Ruang Sekda,"Kamis, 20 Maret 2025","Kamis, 20 Maret 2025",10.00,Selesai,Fasilitasi Zoom,,,,,
,46,,Gubernur,,Rakor Inflasi,Ruang Rapat Kecil Gubernur,"Senin, 24 Maret 2025","Senin, 24 Maret 2025",09.00,Selesai,Fasilitasi Zoom,,,,,
,47,,DISHUB ,500.11.22/244lDishub-Set/ ll/2025,Rapat Pembahasan Rencana Kerja sama antara pemerintah Provinsi Kalimantan Utara dengan Politeknik Transportasi Darat lndonesia - STTD Bekasi,ONLINE,"Rabu, 26 Maret 2025","Rabu, 26 Maret 2025",10.00,Selesai,Akun Zoom,,,diskominfo.kaltara002@gmail.com,,
,48,,DKISP (Statistik),,Rapat Pengembangan Aplikasi Sidara,Command Center,"Kamis, 27 Maret 2025","Kamis, 27 Maret 2025",10.00,Selesai,Pinjam Ruangan CC ,,,,,
,49,1,Bapenda Litbang,000.7/340/Bapp-lit-6,Konsultasi Publik RPJMD Tahun 2025-2029,Aula Kantor Gubernur,"Kamis, 10 April 2025","Kamis, 10 April 2025",10.00,Selesai,Fasilitasi Zoom,,,diskominfo.kaltara001@gmail.com,,
,50,2,Biro Pem Otda,500.12.17.1/32/PEMOTDA,"Rapat pembahasan Kerja Sama
antara Pemerintah Provinsi Kalimantan Utara dengan Provinsi Sulawesi Selatan
tentang Kerja Sama Pembangunan Daerah","Ruang Rapat Biro Pemerintahan dan Otda, Lantai ll","Jumat, 11 April 2025","Jumat, 11 April 2025",08.30,Selesai,Fasilitasi Zoom,,,,,
,51,3,Sekda ,1203/1/PR.01.04/4/2025,Persiapan Pertemuan PEmbahasan Usulan Lokasi Sekolah Rakyat,Ruang Sekda,"Selasa, 15 April 2025","Selasa, 15 April 2025",10.00,Selesai,Fasilitasi Zoom,,,,,
,52,4,Statistik,,Sosialisasi dan Monitoring Pengisian E-walidata SIPD,Bappeda,"Kamis, 17 April 2025","Kamis, 17 April 2025",13.00,Selesai,akun zoom,,,diskominfo.kaltara002@gmail.com,,
,53,5,Sekda,,Kaltara Sehat Kaltara Hebat,Lantai 1 Gadis,"Kamis, 10 April 2025","Kamis, 10 April 2025",08.00,Selesai,Pinjam TV,,,,,
,54,6,Statistik,,Pembinaan Statistik Sektoral DKISP oleh BPS,Command Center,"Kamis, 17 April 2025","Kamis, 17 April 2025",10.00 ,12.00,Pinjam Ruangan,,,,,
,55,7,Statistik,,Koordinasi dan Diskusi Perihal Satu Data Kaltara,Command Center,"Selasa, 15 April 2025","Selasa, 15 April 2025",,,Zoom Meeting ,,,,,
,56,8,Inspektorat,,Pemeriksaan LKPD Serta Koordinasi Pemeriksaan LKPD dan LKKL Tahun 2024 di Lingkungan Ditjen Pemeriksaan Keuangan Negara VI BPK,Sekda,"Selasa, 15 April 2025","Selasa, 15 April 2025",13.30,Selesai,Fasilitas Zoom,,,,,
,57,9,Bkd,,Rapat koordinasi percepatan penetapan sk cpns dan pppk formasi tahun anggaran 2024 ,Ruang sekda,"Rabu, 16 April 2025","Rabu, 16 April 2025",09.00,Selesai,Fasilitas Zoom,,,,,
,58,10,BKD,,Pengangkatan pegawai Berintegeritas ,RSUD Jusuf SK ,"Kamis, 17 April 2025","Kamis, 17 April 2025",14.00,Selesai,Live Streaming,,,,,
,59,11,Inspektorat,,Rapat Koordinasi dan Diskusi Pengelolaan APBD dan Pengandaan Barang dan Jasa Strategis Provinsi Kalimantan Utara,Ruang Rapat Sekda,"Selasa, 22 April 2025","Selasa, 22 April 2025",9.00,Selesai,Fasilitas Zoom,,,,,
,60,12,DKISP,,"Sosialisasi Penyelenggaraan Provinsi Cerdas Se-Provinsi Kalimantan ""Road Map Inovasi Smart City"" Utara",Kantor Gubernur Baru ,"Kamis, 24 April 2025","Kamis, 24 April 2025",08.00,Selesai ,Fasilitasi Zoom,,,,,
,61,13,BPSDM ,800.2.4/130/BPSDM,Penutupan Kegiatan Program Peningkatan Aparatur Pemerintah dalam menghadapi Era Digitalisasi,Hotel Luminor Tanjung Selor ,"Kamis, 24 April 2025","Kamis, 24 April 2025",15.10,13.00,Live Straming,,,,,
,62,14,Statistik,,Pembinaan Statistik Sektoral DKISP oleh BPS,Command Center,"Jumat, 25 April 2025","Jumat, 25 April 2025",10.00,12.00,Peminjaman Ruangan,,,,,
,63,15,DKISP,,RAPAT KOORDINASI SISTEM PEMERINTAHAN BERBASIS ELEKTRONIK SE-PROVINSI KALIMANTAN UTARA TAHUN 2025,Gedung Gadis 2,"Senin, 28 April 2025","Selasa, 29 April 2025",08.00,16.00,Fasilitasi Zoom,,,diskominfo.kaltara002@gmail.com,,
,64,16,Disnaker ,500.15.14.1/197/DTKT-Set,Finalisasi Rancangan SK Gubernur Tentang Tim Pengawasan Ketenagakerjaan Sektor Perikanan di Provinsi Kalimantan Utara,Command Center,"Senin, 28 April 2025","Senin, 28 April 2025",08.00,Selesai,Fasilitasi zoom ,,,,,
,65,17,Bappeda Litbang,000.7.1/429/BAPP-LIT.3,Pra Musrenbang,Gedung Gadis,"Selasa, 29 April 2025","Selasa, 29 April 2025",08.00,Selesai,Fasilitasi Zoom,,,diskominfo.kaltara001@gmail.com,,
,66,18,Persandian ,,Asistensi Pembentukan Tim Tanggap Insiden Siber Kab/Kota Se-Kalimantan Utara,Command Center,"Selasa, 29 April 2025","Selasa, 29 April 2025",10.00,Selesai ,Peminjaman Ruangan ,,,,,
,67,19,Statistik ,,Uji Coba Program Sidara Cantik,Kantor Skala JL. DIPonegoro ,"Selasa, 29 April 2025","Selasa, 29 April 2025",09.00,Selesai,Fasilitasi Zoom,,,diskominfo.kaltara002@gmail.com,,
,68,20,Bappedalitbang ,000.7.1/447/BAPP-LIT.6,Penyelarasan RPJMD dengan Renstra PErangkat Daerah Tahun 2025 - 2029,Gedung Gadis 2,"Selasa, 29 April 2025","Selasa, 29 April 2025",14.00,Selesai ,Fasilitasi Zoom,,,diskominfo.kaltara002@gmail.com,,
,69,21,Bappeda Litbang,000.7.1/412/BAPP-LIT.6,Musrenbang RKPD Tahun 2026,Gedung Gadis,"Rabu, 30 April 2025","Rabu, 30 April 2025",08.30,Selesai ,Fasilitasi Zoom,,,Meeting ID : 972 8839 1619           Passcode: Musrenbang,,
,70,22,Persandian ,,Peris.ai,Command Center,"Rabu, 30 April 2025","Rabu, 30 April 2025",8.00,Selesai ,Fasilitasi Zoom,,,,,
,71,23,Direktorat Jendral Perimbangan Keuangan ,Sekda Kaltra,Percepatan Penyediaan Infrastruktur Pelayanan Publik di Daerah melalui Program Pembiayaan Kreatif ( SINERGI ),Ruang Rapat Sekda ,"Rabu, 30 April 2025","Rabu, 30 April 2025",09.00,Selesai ,Fasilitasi Zoom,,,,,
,72,24,PKK,,PKK,Command Center,"Selasa, 06 Mei 2025","Selasa, 06 Mei 2025",09.00,09.00,Peminjaman Ruangan,,,,,
,73,25,Biro Barjas ,000.5.2.9/210/BPJS-IIII,Workshop Pengendalian Kontrak,Crown Hotel ,"Selasa, 06 Mei 2025","Rabu, 07 Mei 2025",08.00,Selesai,Live Streaming,,,,,
,74,26,Bapenda,900.1.13.1/181/Bapenda-III,Rapat Tim Satuan Tugas Pengendalian dan Pengawasan Bahan Bakar Kendaraan Bermotor,Ruang Rapat LAntai 4,"Rabu, 07 Mei 2025","Rabu, 07 Mei 2025",09.00,Seelsai,Fasilitasi Zoom,,,diskominfo.kaltara001@gmail.com,,
,75,27,Dinas Kelautan Dan Perikanan,000.1.4/0393/DKP,Pembahasan Pohon Kinerja dan Ranwal Renstra Dinas Kelautan dan Perikanan Provinsi Kalimantan Utara Tahun 2025-2029,Ruang Rapat DKP,"Jumat, 09 Mei 2025","Jumat, 09 Mei 2025",14.00,Selesai,Fasilitasi Zoom,,,diskominfo.kaltara002@gmail.com,,
,76,28,Statistik,,Pembinaan Statistik Sektoral DKISP oleh BPS,Command Center,"Kamis, 08 Mei 2025","Kamis, 08 Mei 2025",10.00,12.00,Peminjaman Ruangan,,,,,
,77,29,KI,,Kegiatan Indek Keterbukaan Informasi Publik tahun 2025,,"Minggu, 11 Mei 2025","Minggu, 11 Mei 2025",10.00,sELESAI,Fasilitasi Zoom,,,,,
,78,30,DKISP,,Rapat Persiapan Terkait Audiensi dengan Komdigi,,"Rabu, 14 Mei 2025","Rabu, 14 Mei 2025",8.00,,Fasilitasi Zoom,,,diskominfo.kaltara001@gmail.com,,
,79,31,Dharma Wanita Persatuan Provinsi Kalimantan Utara,B.003/SET/DWPPKU/V/2025,Undangan Pengukuhan DWP Provinsi Masa Bakti 2024-2029 ,Command Center,"Kamis, 15 Mei 2025","Kamis, 15 Mei 2025",09.00,Selesai,Peminjaman Ruangan dan Fasilitasi Zoom,,,,,
,80,32,BKAD,900/249/BKAD.2,Rekonsiliasi Pembahasan Sisa DBH Perkebunan Sawit Tahun 2024 Provinsi dan Kabupaten/Kota se-Kalimantan Utara,BKAD,"Kamis, 15 Mei 2025","Kamis, 15 Mei 2025",08.30,Selesai,Fasilitasi Zoom,,,diskominfo.kaltara001@gmail.com,,
,81,33,Disnaker ,500.15.2/2238/DTKT-Set,Sosialisasi dan Penyamaan Persepsi Terkait Penyusunan Dokumen Rencana Tenaga Kerja Daerah (RTKD) Provinsi Kalimantan Utara 2025 - 2029,Ruang Rapat Disnaker,"Kamis, 15 Mei 2025","Kamis, 15 Mei 2025",08.30,Selesai,Fasilitasi Zoom,,,diskominfo.kaltara002@gmail.com,,
,82,34,DKISP,,RAPAT DKISP ,Command Center,"Kamis, 15 Mei 2025","Kamis, 15 Mei 2025",14.00,Selesai,Peminjaman Ruangan,,,,,
,83,35,Statistik,,Pembinaan Statistik Sektoral DKISP oleh BPS,Command Center,"Jumat, 16 Mei 2025","Jumat, 16 Mei 2025",10.00,12.00,Peminjaman Ruangan,,,,,
,84,36,BKAD,900/284/BKAD.2,Penyusunan Database Sistem Informasi Manajemen Standar Harga Satuan (SHS) Provinsi Kalimantan Utara,BKAD,"Jumat, 16 Mei 2025","Jumat, 16 Mei 2025",09.30,Selesai,Fasilitasi Zoom,,,diskominfo.kaltara001@gmail.com,,
,85,37,Biro PemOtda,600.4.24.2/41/PEMOTDA,Rapat Revisi Rencana Aksi Penerapan Standar Pelayanan Minimal Bersama SKALA,Ruang Rapat BiroPem,"Jumat, 16 Mei 2025","Jumat, 16 Mei 2025",14.00,Selesai,Fasilitasi Zoom,,,diskominfo.kaltara002@gmail.com,,
,86,38,MUSDA 1 DPD IKAL KALTARA,005/flz-musda/dpd-ikal/kaltara/v/2025,Musyawarah Daerah 1 Dewan Pengurus Daerah Ikatan Alumni Lembaga Ketahanan Pangan Nasional Provinsi Kalimantan Utara,Gedung Gadis Lt.1,"Senin, 19 Mei 2025","Senin, 19 Mei 2025",14.00,Selesai,Fasilitasi Zoom,,,diskominfo.kaltara001@gmail.com,,
,87,39,Dinas Pertanian dan Ketahanan PAngan,500.1.2.3/686/DPKP-IV,Rapat Koordinasi Penyediaan Tanah Untuk Pembangunan SPPG,Ruang Rapat Dinas PEndidikan Lt.1,"Senin, 19 Mei 2025","Senin, 19 Mei 2025",13.30,16.00,Fasilitasi Zoon,,,,,
,88,40,KI,035/SUM/KI-KALTARA/V/2025,Penilaian Indeks KEterbukaan Informasi ,Command Center,"Selasa, 20 Mei 2025","Selasa, 20 Mei 2025",10.00,Selesai,Peminjaman Ruangan ,,,,,
,89,41,IKP,,FGD Penginputan Data IKIP,Command Center,"Selasa, 20 Mei 2025","Selasa, 20 Mei 2025",10.00,Selesai,,,,diskominfo.kaltara002@gmail.com,,
,90,42,Ibu GUB,,,Command Center,"Rabu, 21 Mei 2025","Rabu, 21 Mei 2025",13.00,,,,,,,
,91,43,BKAD,900/289/BKAD.Set,Rapat Penyelesaian Aset Tanah Pelabuhan Perikanan Tengkayu II Tarakan,Tarakan Plaza,"Rabu, 21 Mei 2025","Rabu, 21 Mei 2025",9.00,Selesai,,,,diskominfo.kaltara001@gmail.com,,
,92,44,Persandian ,,FGD Penerapan Peraturan Keamanan SPBE dan PEmbentukan TTIS Kab/Kota Se-Kaltara,Command Center,"Kamis, 22 Mei 2025","Jumat, 23 Mei 2025",09.00,Selesai,Peminjaman Ruangan,,,diskominfo.kaltara001@gmail.com,,
,93,45,Badan Perbatasan,000.1.4/103/BPBD,Rapat Koordinasi Persiapan Kegiatan Kunjungan Kerja Kepala Kantor Staf Presiden (KSP) RI ke Kalimantan Utara,Ruang Rapat Sekda Lt. 3,"Kamis, 22 Mei 2025","Kamis, 22 Mei 2025",14.00,Selesai,Fasilitasi Zoom,,,diskominfo.kaltara002@gmail.com,,
,94,46,Dinas Sosial ,460/225/DINSOS-SET,Pembahasan Perpanjangan Kesepakatan Bersama dan Perjanjian Kerja Sama antara Pemerintah Provinsi Kalimantan Utara dan Politeknik Kesejahteraan Sosial (Poltekesos) Bandung,Ruang Rapat Biro Pemerintahan Kantor Gub Lt.2,"Kamis, 22 Mei 2025","Kamis, 22 Mei 2025",10.00,Selesai,Fasilitasi Zoom,,,diskominfo.kaltara001@gmail.com,,
,95,47,Dinas Kelautan Dan Perikanan,500.5/0435/DKP,Kegiatan Pendampingan Penginputan Renstra 2025 - 2029 Ke dalam Sistem SIPD,Ruang Rapat Dinas KElautan dan Perikanan ,"Kamis, 22 Mei 2025","Kamis, 22 Mei 2025",14.00,Selesai,Fasilitasi Zoom,,,diskominfo.kaltara001@gmail.com,,
,96,48,Badan Perbatasan,000.1.4/104/BPBD,Rapat Koordinasi Persiapan Kegiatan Kunjungan Kerja Kepala Kantor Staf Presiden (KSP) RI ke Kalimantan Utara,Ruang Rapat Sekda Lt. 3,"Jumat, 23 Mei 2025","Jumat, 23 Mei 2025",20.00,Selesai,Fasilitasi Zoom,,,diskominfo.kaltara001@gmail.com,,
,97,49,DPMD,,rapat koordinasi tim pengurus posyandu tingkat provinsi kalimantan utara,"ruang pertemuan lantai 1 gedung gadis  2
","Jumat, 23 Mei 2025","Jumat, 23 Mei 2025",08.00,11.00,Fasilitasi Zoom,,,,,
,98,50,Persandian ,,Pelatihan Perisai ,Command Center,"Senin, 26 Mei 2025","Rabu, 28 Mei 2025",08.00,Selesai,Peminjaman Ruangan,,,,,
,99,51,Biro Kesra, 400/442/ BKESRA / 2025, Pembahasan Kesepakatan Bersama dan Perjanjian Kerja Sama antara Pemerintah Provinsi Kalimantan Utara dengan Universitas Borneo Tarakan,"Kantor Gubernur Kalimantan Utara, Ruang Biro Pemerintahan Lantai 2","Senin, 26 Mei 2025","Senin, 26 Mei 2025",10.00,Selesai,Fasilitasi Zoom,,,,,
,100,52,SKALA,,Peluncuran satu data Kalimantan Utara,Aula Kantor Gubernur,"Selasa, 27 Mei 2025","Selasa, 27 Mei 2025",7.00,Selesai,Fasilitasi Zoom & Live Streaming,,,,,
,101,53,Biro Pemotda,,Bimtek SPM 2025,Swiss Bell Tarakan,"Senin, 02 Juni 2025","Rabu, 04 Juni 2025",8.30,,Fasilitasi Zoom,,,,,
,102,54,TP-PKK,,Rapat Koordinasi,Ruang Rapat Kecil Kantor Gubernur,"Selasa, 03 Juni 2025","Selasa, 03 Juni 2025",9.00,,Fasilitasi Zoom & Operator,,,,,
,103,55,DLH,,Peringatan Hari Lingkungan Hidup,Tugu Cinta Damai,"Kamis, 05 Juni 2025","Kamis, 05 Juni 2025",8.30,,Fasilitasi Zoom & Operator,,,,,
,104,56,Statistik,,Pembinaan Statistik Sektoral DKISP oleh BPS,Command Center,"Kamis, 05 Juni 2025","Kamis, 05 Juni 2025",10.00,12.00,Peminjaman Ruangan,,,,,
,105,57,IKP,,Harmonisasi Perda,Command Center,"Selasa, 10 Juni 2025","Selasa, 10 Juni 2025",13.00,Selesai,Peminjaman Ruangan ,,,,,
,106,58,Komisi Informasi Kaltara,038/LBG/KI-KALTARA/V/2025,Launching Pelaksanaan Monitoring dan Evaluasi Keterbukaan Informasi Publik,Aula Kantor Gubernur Lantai 1,"Kamis, 12 Juni 2025","Kamis, 12 Juni 2025",8.00,12.00,Fasilitasi Zoom,,,diskominfo.kaltara001@gmail.com,,
,107,59,Kadis,,Rapat dengan Pak Sekda,,"Kamis, 12 Juni 2025","Kamis, 12 Juni 2025",15.00,,,,,diskominfo.kaltara001@gmail.com,,
,108,60,Dinas Pemberdayaan Perempuan,,Peningkatan Kapasitas Sumberdaya Lembaga Layanan Pemberdayaan Perempuan Kewenangan Provinsi,Ruang Serbaguna Gedung Gadis,"Kamis, 12 Juni 2025","Kamis, 12 Juni 2025",8.00,,Fasilitasi Zoom,,,diskominfo.kaltara002@gmail.com,,
,109,61,Statistik,,Pembinaan Statistik Sektoral DKISP oleh BPS,Command Center,"Kamis, 12 Juni 2025","Kamis, 12 Juni 2025",10.00,12.00,Peminjaman Ruangan,,,,,
,110,62,Komisi Informasi Kaltara,,Agenda Sidang Pemeriksaan Saksi,KI,"Jumat, 13 Juni 2025","Jumat, 13 Juni 2025",8.00,,Fasilitasi Zoom,,,diskominfo.kaltara001@gmail.com,,
,111,63,Dinas Sosial ,460/259/Dinsos-RS,Sosialisasi Mekanisme Penggunaan dan Pelaporan Pertanggungjawaban Dana Bantuan Sosial ,Command Center,"Senin, 16 Juni 2025","Senin, 16 Juni 2025",9,12.00,Fasilitasi Zoom dan Peminjaman Ruangan ,,,diskominfo.kaltara001@gmail.com,,
,112,64,Statistik,,Pembinaan Statistik Sektoral DKISP oleh BPS,Command Center,"Kamis, 26 Juni 2025","Kamis, 26 Juni 2025",10.00,12.00,Peminjaman Ruangan,,,,,
,113,65,APTIKA,,PERSIAPAN AUDIENSI,Command Center,"Rabu, 18 Juni 2025","Rabu, 18 Juni 2025",10.01,12.01,Peminjaman Ruangan,,,,,
,114,66,Biro Pem Otda,,"rapat monitoring dan evaluasi hasil
kesepakatan Pertemuan Tim Teknis dan Sidang ke-26 (7) KK/JKK Sosek Malindo
Tingkat Provinsi Kalimantan Utara/Peringkat Negeri Sabah Tahun 2024",Ruang Rapat Benuanta Gadis 2,"Rabu, 18 Juni 2025","Rabu, 18 Juni 2025",8.30,Selesai,Fasilitasi Zoom,,,diskominfo.kaltara002@gmail.com,,
,,67,BKAD,,FGD Penilaian Kesesuaian Rancangan KUA PPAS dengan KEM PPKF utk Keselarasan Perencanaan Keuangan Pusat dan Daerah,BKAD,"Rabu, 18 Juni 2025","Rabu, 18 Juni 2025",08.00,Seelsai,Fasilitasi Zoom,,,diskominfo.kaltara003@gmail.com,,
,115,68,Dinas ESDM,500.10/XXX/DESDM/VI/2025,FGD Evaluasi Geologi Lingkungan untuk Pemutakhiran Data Kawasan Bentang Alam Karst di Kab. Bulungan,DESDM,"Rabu, 18 Juni 2025","Rabu, 18 Juni 2025",10.00,,Fasilitasi Zoom,,,diskominfo.kaltara001@gmail.com,,
2,116,69,Disdukcapil,400.12.4/90/DKPS.III,Sosialisasi dan Koordinasi Terkait Implementasi Sistem Manajemn Keaman Informasi SMKI Terhadap ISO :27001;2022,Command center ,"Kamis, 19 Juni 2025","Kamis, 19 Juni 2025",08.30,Selesai ,Peminjaman Ruangan dan Fasilitasi Zoom,,,diskominfo.kaltara002@gmail.com,Kepala As 3,
3,117,70,Dinas Sosial,460/293/ Dinsos-LJS,Rapat Koordinasi Tenaga Pelopor Perdamaian Provinsi Kalimantan Utara Tahun 2025,Hotel Grand Pangeran Khar Tanjung Selor,"Kamis, 19 Juni 2025","Kamis, 19 Juni 2025",10.00,,Fasilitasi Zoom,,,diskominfo.kaltara001@gmail.com,,
4,118,71,Biro Pemotda,500.12.17.1/54/PEMOTDA,Rapat Pembahasan Perpanjangan Kesepakatan Bersama antara Pemerintah Provinsi Kalimantan Utara dengan Universitas Mulawarman ,Ruang Rapat Biro Pem Otda Lantai 2,"Kamis, 19 Juni 2025","Kamis, 19 Juni 2025",08.30,Selesai,Fasilitasi Zoom,,,diskominfo.kaltara003@gmail.com,,
5,119,72,Statistik,,Pembinaan Statistik Sektoral DKISP oleh BPS,Command center ,"Jumat, 20 Juni 2025","Jumat, 20 Juni 2025",,,,,,,,
,120,73,DPMD,412//25/DPMD,"Paparan Peserta pada Lomba BUM Desa Terbaik
Tingkat Provinsi Kalimantan Utara Tahun 2025",Command center ,"Jumat, 20 Juni 2025","Jumat, 20 Juni 2025",,,,,,,,
6,121,74,BKD,800.1.2.8/4748 /BKD,"Pelantikan dan Pengambilan Sumpah/Janji Jabatan Pejabat Fungsional,
Pengangkatan Pertama dalam Jabatan Fungsional, Perpindahan Jabatan Administrasi ke Dalam
Jabatan Fungsional serta Pegawai Pemerintah dengan Perjanjian Kerja (PPPK) Tenaga Teknis, Guru
dan Kesehatan Tahap I Formasi Tahun 2024",Agathis,"Senin, 23 Juni 2025","Senin, 23 Juni 2025",7.30,Selesai,Fasilitasi Zoom,,,diskominfo.kaltara001@gmail.com,,
,122,75,Biro Pem Otda,500.12.17.1/57/PEMOTDA,"rapat pembahasan Kesepakatan
Bersama dan Perjanjian Kerja Sama antara Pemerintah Provinsi Kalimantan Utara
dan PT. Sumalindo Lestari Jaya ll",Ruang Rapat Biro Pem & Otda lantai ll,"Selasa, 24 Juni 2025","Selasa, 24 Juni 2025",8.30,,Fasilitasi Zoom,,,diskominfo.kaltara003@gmail.com,,
,123,76,Dinas Pertanian dan Ketahanan Pangan,500.8/859/DPKP-III," Presentasi Perencanaan Pembangunan Pabrik Minyak Goreng
Kelapa Sawit di Kalimantan Utara",Ruang Rapat Gubernur Kalimantan Utara Lt. 4 ,"Selasa, 24 Juni 2025","Selasa, 24 Juni 2025",11.00,,Fasilitasi Zoom,,,diskominfo.kaltara001@gmail.com,Gubernur,
,124,77,Biro Administrasi Pembangunan,400.14.1/100/B.Abang,Rapat Koordinasi Bagian Administrasi Pembangunan Se- Provinsi Kalimantan Utara TA 2025,Aula Penginapan Lima Putra ,"Rabu, 25 Juni 2025","Rabu, 25 Juni 2025",08.30,Selesai,Fasilitasi Zoom,,,diskominfo.kaltara004@gmail.com,,
8,125,78,Dinsos,460/297/DINSOS-DYS,Peningkatan Kemampuan Potensi Tenaga Kesejahteraan Sosial Kecamatan (TKSK) Kewenangan Provinsi Kalimantan Utara ,Hotel Tarakan Plaza Kota Tarakan,"Rabu, 25 Juni 2025","Rabu, 25 Juni 2025",8.00,,Fasilitasi Zoom,,,diskominfo.kaltara001@gmail.com,,
,126,79,Dinsos,010/301/DINSOS-SET,Forum Konsultasi Publik Antara Pemerintah dan Elemen Masyarakat Terkait Peningkatan Pengelolaan dan PEngaduan Layanan Dinas Sosial,Royal Tarakan ,"Rabu, 25 Juni 2025","Rabu, 25 Juni 2025",08.00 ,,Fasilitasi Zoom,,,diskominfo.kaltara002@gmail.com,,
,127,80,Bappedalitbang ,000.7.1/689/BAPP-LIT.6,Muesrenbang RPJMD Provinsi Kalimantan Utara ,Serbaguna,"Rabu, 25 Juni 2025","Rabu, 25 Juni 2025",08.0,selesai ,Fasilitasi Zoom,,,diskominfo.kaltara003@gmail.com,,
7,128,81,Satpol PP,331.1/ 145 /Satpol PP-I," Penyusunan Pedoman Standar Operasional Prosedur (SOP) dalam memenuhi Standar Pelayanan Minimal
(SPM) pada seluruh bidang tugas Satpol PP",Satpol PP,"Kamis, 26 Juni 2025","Kamis, 26 Juni 2025",9.00,,Fasilitasi Zoom,,,diskominfo.kaltara001@gmail.com,,
10,129,82,DPPPAPPKB,400.7 / 153 /DPРРAРРKВ,Disseminasi Audit Kasus Stunting / Fasilitasi Kerja sama dengan Stakeholder, Hotel Duta Tarakan,"Kamis, 26 Juni 2025","Kamis, 26 Juni 2025",08.00,Selesai,Fasilitasi Zoom,,,diskominfo.kaltara004@gmail.com,,
,130,83,Biro Organisasi,,Rapat Kerja Daerah Forum Sekretaris Daerah Seluruh Indonesia (FORSESDASI),Aula Kantor Gubernur,"Kamis, 26 Juni 2025","Kamis, 26 Juni 2025",08.00,Selesai,Fasilitasi Zoom,,,diskominfo.kaltara002@gmail.com,,
,131,84,Biro Organisasi,,Monev SOP ,Biro organisas,"Kamis, 26 Juni 2025","Kamis, 26 Juni 2025",08.00,Selesai,Fasilitasi Zoom,,,diskominfo.kaltara003@gmail.com,,
,132,,Sekda ,,Rapat RSUD,,"Rabu, 02 Juli 2025","Rabu, 02 Juli 2025",10.30,Selesai,Fasilitasi Zoom,,,diskominfo.kaltara001@gmail.com,,
,133,,Ikal Lemhanas Provinsi Kalimantan Utara,006/DPD/IKAL/KALTARA/VI/2025,Pelantikan Pengurus DPD IKAL KALTARA,Lt.1 Kantor Gub,"Rabu, 02 Juli 2025","Rabu, 02 Juli 2025",13.00,Selesai,Fasilitasi Zoom,,,,,
,134,,IKP,,Klarifikasi dan Negoisasi Harga dengan LPPM Makasar,,"Senin, 07 Juli 2025","Senin, 07 Juli 2025",10.00,Selesai,Fasilitasi Zoom,,,diskominfo.kaltara001@gmail.com,,
,135,,"Biro Pemerintahan dan
Otonomi Daerah",500.12.17.1/69/PEMOTDA,Pembahasan Kesepakatan Bersama antara Pemerintah Provinsi Kalimantan Utara dengan Pemerintah Provinsi Sulawesi Utara,Ruang Rapat Biro Pem & Otda lantai ll Kantor Gubernur Kalimantan Utara,"Senin, 07 Juli 2025","Senin, 07 Juli 2025",09.30,Selesai,Fasilitasi Zoom,,,diskominfo.kaltara002@gmail.com,,
,136,,,,Pembahasan Kesepakatan Bersama antara Pemerintah Provinsi Kalimantan Utara dengan Pemerintah Kabupaten Enrekang,,"Senin, 07 Juli 2025","Senin, 07 Juli 2025",13.30,Selesai,Fasilitasi Zoom,,,diskominfo.kaltara002@gmail.com,,
13,138,,Aptika,,Pelatihan audit ,Command ,"Selasa, 08 Juli 2025","Selasa, 08 Juli 2025",08.00,Selesai,Peminjaman Ruangan,,,,,
,139,,DKP,500.5/0977/DKP,Rapat Pembahasan  Naskah Akademik Rumput Laut dengan Universitas Borneo,Ruang Rapat DKP,"Selasa, 08 Juli 2025","Selasa, 08 Juli 2025",13.00,Selesai,Fasilitasi Zoom,,,diskominfo.kaltara002@gmail.com,,
16,140,,Sekretariat ,,Pendampingan Pembuatan SKP ,Command ,"Rabu, 09 Juli 2025","Rabu, 09 Juli 2025",08.00,16.00,Peminjaman Ruangan,,,,,
17,141,,Persandian ,,Bimtek Audit Keamanan SPBE ,Command Center,"Kamis, 10 Juli 2025","Kamis, 10 Juli 2025",,,Peminjaman Ruangan,,,,,
18,142,,DPKP ,500.6.4.3/944/DPKP-V,Seminar Antara Survey Investigasi Desain (SID) Cetak Sawah Rakyat di Provinsi Kalimantan Utara Tahun 2025,Ruang Rapat Lantai 1 Kantor Gadis 2,"Kamis, 10 Juli 2025","Kamis, 10 Juli 2025",08.30,Selesai,Fasilitasi Zoom,,,diskominfo.kaltara001@gmail.com,,
20,143,,Persandian ,,Pendampingan Pembuatan RPJMD dan Renstra Bidang Persandian 2025-2030,Kabid PErsandian,"Jumat, 11 Juli 2025","Jumat, 11 Juli 2025",09.00,Selesai,Fasilitasi Zoom,,,diskominfo.kaltara001@gmail.com,,
,,,Pemotda,500.12.17.1/73/PEMOTDA,rapat pembahasan Kesepakatan Bersama dan Perjanjian Kerja Sama antara Pemerintah Provinsi Kalimantan Utara dan Perwakilan Badan Pengawas Keuangan dan Pembangunan Provinsi Kalimantan Utara tentang Pengawasan Kolaboratif Lintas Sektoral dan Monitoring Terpadu Percepatan Pembangunan Kota Baru Mandiri Tanjung Selor,Ruang Rapat Biro Pem & Otda lantai ll Kantor Gubernur Kalimantan Utara,"Jumat, 11 Juli 2025","Jumat, 11 Juli 2025",08.30,Selesai,Fasilitasi Zoom,,,diskominfo.kaltara002@gmail.com,,
19,144,,aptika ,,review audit ,Command Center,"Senin, 14 Juli 2025","Senin, 14 Juli 2025",09.00,Selesai,,,,diskominfo.kaltara001@gmail.com,,
22,145,,Biro Organisasi ,000.8/162/BO,Rapat Koordinasi Organisasi Se-Kalimantan Utara oleh Kemendagri dan Kementrian PAN-RB,Swissbell Hotel Tarakan ,"Selasa, 15 Juli 2025","Selasa, 15 Juli 2025",08.00,Selesai,Fasilitasi Zoom,,,diskominfo.kaltara001@gmail.com,,
11,147,,Biro Barjas ,," Rapat Koordinasi Integrasi Pembayaran Pada Katalog Elektronik Versi 6 di Provinsi Kalimantan Utara
",,"Kamis, 17 Juli 2025","Kamis, 17 Juli 2025",10.00,Selesai,Fasilitasi Zoom,,,diskominfo.kaltara001@gmail.com,,
25,148,,Otda,600.4.24.2/75/PEMOTDA,Evaluasi dan Monitoring Capaian SPM Triwulan II Tahun 2025,Ruang Rapat Biro Pemerintahan dan Otonomi Daerah Lt.2 Kantor Gubernur Kalimantan Utara,"Jumat, 18 Juli 2025","Jumat, 18 Juli 2025",08.30,Selesai,Fasilitasi Zoom,,,diskominfo.kaltara001@gmail.com,,
,149,,Sekretariat Daerah,,Launching koperasi desa Merah Putih ,Desa Apung,"Senin, 21 Juli 2025","Senin, 21 Juli 2025",08.00,selesai,Fasilitasi Zoom,,,diskominfo.kaltara001@gmail.com,,
27,150,,DKP,,Pembahasan hasil patroli kawasan konservasi dan pembudiyaan rumput laut,Kantor DKP,"Senin, 21 Juli 2025","Senin, 21 Juli 2025",09.00,Selesai,Fasilitasi Akun Zoom,,,diskominfo.kaltara002@gmail.com,,
,151,,Biro Administrasi Pembangunan,000.1.4/125/B.Abang,Rapat Persiapan Musyawarah Daerah Pembentukan Forum Tanggung Jawab Sosial dan Lingkungan Badan Usaha,Ruang Rapat Biro Administrasi Pembangunan ,"Kamis, 24 Juli 2025","Kamis, 24 Juli 2025",14.00,Selesai,Fasilitasi Zoom,,,diskominfo.kaltara003@gmail.com,,
28,152,,KI,,Bimbingan Teknis pengisiannya Kuisionernya Monitoring dan Evaluasi Keterbukaan Informasi Publik Tahun 2025.,Command Center,"Senin, 28 Juli 2025","Senin, 28 Juli 2025",08.00,Selesai,Peminjaman Ruangan,,,diskominfo.kaltara001@gmail.com,,
,153,,Dishub,,"Rapat Lanjutan pembahasan rencana penerapan sistem
pembayaran secara elektronik untuk layanan pembayaran retribusi pada Dinas
Perhubungan Provinsi Kalimantan Utara",Ruang Rapat Benuanta Lt.1,"Senin, 28 Juli 2025","Senin, 28 Juli 2025",02.00,selesai,Fasilitasi Zoom,,,diskominfo.kaltara003@gmail.com,,
26,154,,Dinas Sosial ,010/370/Dinsos-Set,"Kick Off Penyusunan Rancangan Peraturan Pelaksanaan Peraturan Daerah Nomor 17 Tahun 2024 Tentang Penghormatan, Perlindungan Dan Pemenuhan Hak Penyandang Disabilitas,",Ruang Rapat Lt.4 Kantor Gubernur ,"Selasa, 29 Juli 2025","Selasa, 29 Juli 2025",08.00,Selesai,Fasilitasi Zoom,,,diskominfo.kaltara001@gmail.com,,
,155,,Dinas Kelautan dan Perikanan ,500.5.5.18/0658/DKP,Rapat Koordinasi Pembahasan Persiapan Monitoring dan Evaluasi Kawasan Konservasi di Perairan Tanjung Palas Timur,DKP,"Selasa, 29 Juli 2025","Senin, 28 Juli 2025",14.00,selesai,Fasilitasi Zoom,,,diskominfo.kaltara002@gmail.com,,
,156,,IKP,,Rapat Tim Panitia Seleksi Anggota Komisi Penyiaran Indonesia Daerah (KPID) Kalimantan Utara Periode 2025 - 2028,Command Center,"Rabu, 30 Juli 2025","Rabu, 30 Juli 2025",10.00,selesai,Fasilitasi Zoom,,,diskominfo.kaltara003@gmail.com,,
,157,,FKPT KALTARA,027/FKPT-KU/VII/2025,Kegiatan Tulisan Cinta Menyonsong Indonesia Emas (Tinta Emas),Command Center,"Kamis, 31 Juli 2025","Kamis, 31 Juli 2025",09.00,selesai,Peminjaman Ruangan,,,,,
30,158,,Serikat Media Siber Indonesia,035/SMSI-KALTARA/VII/2025,Pelatihan Sertifikasi Uji Kompetensi Wartawan (UKW),Command Center,"Jumat, 01 Agustus 2025","Jumat, 01 Agustus 2025",08.00,Selesai,Fasilitasi Zoom,,,diskominfo.kaltara003@gmail.com,,
31,159,,Bapenda,900.1.13/418/Bapenda-IV,Rapat Pengembangan Sistem Samsat Kaltara,Ruang Rapat Bapenda ,"Senin, 04 Agustus 2025","Senin, 04 Agustus 2025",08.00,Selesai,Fasilitasi Zoom,,,diskominfo.kaltara003@gmail.com,,
,160,,Biro Pemerintahan dan Otonomi Daerah,500.12.17.1/82/PEMOTDA,Rapat Pembahasan Kesepakatan Bersama yang telah di Tandatangani antara Pemprov Kaltara dan Yayasan Magrove Sosial Indonesia Tentang Kerja Sama Pemanfaatan Kelompok Usaha Perhutanan Sosial di Provinsi Kalimantan Utara,Ruang Rapat Biro Pemerintahan dan Otonomi Daerah Lt.2 Kantor Gubernur Kalimantan Utara,"Senin, 04 Agustus 2025","Senin, 04 Agustus 2025",08.30,Selesai,Fasilitasi Zoom,,,diskominfo.kaltara001@gmail.com,,
32,161,,Dinas Sosial ,010/419/DINSOS-SET,Verifikasi Data dan Asistensi Perhitungan Indeks Kesejahteraan Sosial Provinsi Kab/Kota Se-Kalimantan Utara,aula Cabang Dinas Tarakan,"Selasa, 05 Agustus 2025","Rabu, 06 Agustus 2025",08.00,Selesai,Fasilitasi Zoom,,,diskominfo.kaltara003@gmail.com,,
,162,,Bapeda,,Rapat Tim Satuan Tugas Pengendalian dan Pengawasan Bahan Bakar Kendaraan Bermotor,Ruang Rapat Wakil Gubernur Lt. 3 Kantor Gubernur Provinsi Kalimantan Utara,"Kamis, 07 Agustus 2025","Kamis, 07 Agustus 2025",09.00,Selesai,Fasilitasi Zoom,,,diskominfo.kaltara001@gmail.com,,
37,163,,Biro Administrasi Pembangunan,,Rapat Panitia Musyawarah Daerah Pembentukan Forum TJSLBU Provinsi Kalimantan Utara Masa Bakti 2025-2030,Ruang Rapat Biro Administrasi Pembangunan ,"Jumat, 08 Agustus 2025","Jumat, 08 Agustus 2025",09.01,Selesai,Fasilitasi Zoom,,,diskominfo.kaltara002@gmail.com,,
36,164,,Kadis ,,Rapat Tim Efektif PKN 2 ,Command Center,"Jumat, 08 Agustus 2025","Jumat, 08 Agustus 2025",07.30,Selesai,,,,,,
34,165,,Aptika ,,Rapat Reviu Pemanfaatan Pusat Data Nasional dan Standarisasi Pengembangan Aplikasi SPBE ,Command Center,"Senin, 11 Agustus 2025","Senin, 11 Agustus 2025",08.00,Selesai,Fasilitasi Zoom,,,diskominfo.kaltara001@gmail.com,,
35,166,,Aptika,,Rapat Koordinasi Pemanfaatan JIP Provinsi Kalimantan Utara dengan Kabupaten Nunukan,Command Center,"Selasa, 12 Agustus 2025","Rabu, 13 Agustus 2025",09.00,Selesai,Fasilitasi Zoom,,,diskominfo.kaltara001@gmail.com,,
38,167,,Biro Administrasi Pembangunan,,Rapat Panitia Musyawarah Daerah Pembentukan Forum TJSLBU Provinsi Kalimantan Utara Masa Bakti 2025-2030,Biro Abang ,"Selasa, 12 Agustus 2025","Selasa, 12 Agustus 2025",15.00,selesai ,Fasilitasi Zoom,,,diskominfo.kaltara003@gmail.com,,
39,168,,Dinas Kelautan dan Perikanan ,500.5.3/0729/DKP,Rapat Koordinasi Pelaksana Kegiatan Penyusunan Review Dokumen Rencana Pengelolaan Zonasi Kawasan Knservasi Perairan Tanjung Palas Timur Provinsi Kalimantan Utara,DKP,"Selasa, 12 Agustus 2025","Selasa, 12 Agustus 2025",13.00,Selesai,Fasilitasi Zoom,,,diskominfo.kaltara002@gmail.com,,
40,169,,Badan Pendapatan Daerah,000.1.4/497/Bapenda-III,Rapat Tim Satuan Tugas Pengendalian dan Pengawasan Bahan Bakar Kendaraan Bermotor,Ruang Rapat Bapenda Lantai 4 ,"Selasa, 12 Agustus 2025","Selasa, 12 Agustus 2025",14.00,Selesai ,Fasilitasi Zoom,,,diskominfo.kaltara001@gmail.com,,
,170,,Persandian ,,Rapat Rencana Pelaksanaan Launching Tim Tanggap Insiden Siber Kabupaten Kota,Command Center,"Kamis, 14 Agustus 2025","Kamis, 14 Agustus 2025",14.00,Selesai,Fasilitasi Zoom,,,diskominfo.kaltara001@gmail.com,,
,171,,Aptika,,Rapat Koordinasi Implementasi Konektivitas JIP Kalimantan Utara dengan Kabupaten Nunukan,,"Jumat, 15 Agustus 2025","Jumat, 15 Agustus 2025",15.00,,Fasilitasi Zoom,,,diskominfo.kaltara001@gmail.com,,
,172,,Sekretariat ,,Lomba 17 Agustus ,Command Center,"Selasa, 19 Agustus 2025","Selasa, 19 Agustus 2025",08.00,Selsai,Peminjaman Ruangan,,,,,
41,173,,Biro Pemerintahan dan Otonomi Daerah,500.12.17/87/PEMOTDA,Pertemuan Sosial Ekonomi (SOSEK MALINDO) ke-27 (8) Tahun 2025 antara Provinsi Kalimantan Utara (Indonesia) dan Negeri Sabah (Malaysia) Tahun 2025,Ruang Rapat Benuanta Lt.1,"Rabu, 20 Agustus 2025","Rabu, 20 Agustus 2025",08.30,Selesai,Fasilitasi Zoom,,,diskominfo.kaltara001@gmail.com,,
42,174,,BKAD,,RAPAT BERSAMA DISHUB,Command Center,"Kamis, 21 Agustus 2025","Kamis, 21 Agustus 2025",8:00,Selesai,Peminjaman Ruangan,,,,,Hanya Akun
43,175,,SETDA,,Monitoring dan Evaluasi Pembangunan Satuan Pelayanan Pemenuhan Gizi (SPPG),Ruang Rapat sekda,"Kamis, 21 Agustus 2025","Kamis, 21 Agustus 2025",10.00,Selesai,Fasilitasi Zoom,,,diskominfo.kaltara001@gmail.com,,
,176,,Biro Pemerintahan dan Otonomi Daerah,500.12.17.1/90/pemotda,Rapat Kerja Sosek Malindo ,Ruang Rapat Biro PemOtda,"Senin, 25 Agustus 2025","Senin, 25 Agustus 2025",08.30,Selesai,Fasilitasi Zoom,,,diskominfo.kaltara002@gmail.com,,
,177,,Biro Pemerintahan dan Otonomi Daerah,500.12.17.1/90/pemotda,Rapat Kerja Sosek Malindo ,Ruang Rapat Bappedalitbang ,"Senin, 25 Agustus 2025","Senin, 25 Agustus 2025",13.00,Selesai,,,,,,
,178,,Dinas Energi dan Sumber Daya Mineral,500.10.17.2/238/DESDM/VIII/2025,"Kaltara Terang d Perbataasan Negeri, Kaltara di Hati ",Ruang Rapat DESDM,"Senin, 25 Agustus 2025","Senin, 25 Agustus 2025",15.00,Selesai,Fasilitasi Zoom,,,diskominfo.kaltara001@gmail.com,,
,179,,Dinas Kesehatan ,400.7.11/3011/DINKES,Penilaian Tim Pembina Kabupaten/Kota Sehat Provinsi Terbaik Tahun 2025,Ruang Rapat Lt1 Gedung Gadis 2 ,"Rabu, 27 Agustus 2025","Rabu, 27 Agustus 2025",09.30,Selesai,Fasilitasi Zoom,,,,,
,180,,Biro Organisasi ,000.8/243/BO/2025,Simulasi dan Evaluasi Zona Integeritas Unit Kerja Provinsi Kalimantan Utara,Command Center,"Rabu, 27 Agustus 2025","Kamis, 28 Agustus 2025",08.30,Selesai,Peminjaman Ruangan,,,,,
,181,,Dinas Energi dan Sumber Daya Mineral,500.10.17.2/238/DESDM/VIII/2025,"Kaltara Terang d Perbataasan Negeri, Kaltara di Hati ",Ruang Rapat DESDM,"Rabu, 27 Agustus 2025","Rabu, 27 Agustus 2025",13.00,Selesai,Fasilitasi Zoom,,,diskominfo.kaltara001@gmail.com,,
44,182,,Persandian ,,Asistensi Pembentukan TTIS Kota Tarakan dan Kabupaten Malinau,Ruang Persandian,"Kamis, 28 Agustus 2025","Kamis, 28 Agustus 2025",10.00,Selesai,Fasilitasi Zoom,,,diskominfo.kaltara001@gmail.com,,
45,183,,BKAD,,,Command Center,"Jumat, 29 Agustus 2025","Jumat, 29 Agustus 2025",08.00,Selesai,Peminjaman Ruangan,,,,,
46,184,,IKP,,Rapat Koordinasi Pengelolaan Informasi dan Dokumentasi.,IKP,"Jumat, 29 Agustus 2025","Jumat, 29 Agustus 2025",09.00,Selesai,Fasilitasi Zoom,,,diskominfo.kaltara001@gmail.com,,
47,185,,Persandian ,,Asistensi Pembentukan TTIS Kota Tarakan dan Kabupaten Malinau,Command Center,"Jumat, 29 Agustus 2025","Jumat, 29 Agustus 2025",14.00,Selesai,Peminjaman Ruangan,,,,,
48,186,,BKAD,000.2.3.2/526/BKAD,Rapat Tim Invetarisasi Barang Milik Daerah Pemerintah Provinsi Kalimantan Utara,Command Center,"Jumat, 29 Agustus 2025","Jumat, 29 Agustus 2025",09.00,Selesai,Peminjaman Ruangan,,,,,
49,187,,Biro Pemerintahan dan Otonomi Daerah,200.1.4.6/94/PEMOTDA,"Nota Kesepakatan Antara Pemprov Kaltara dan Badan Penyuluh dan Pengembangan Sumber Daya Manuasia Pertanian, Kementrian Pertanian",Ruang Rapat Biro PemOtda,"Jumat, 29 Agustus 2025","Jumat, 29 Agustus 2025",08.30,Selesai,Fasilitasi Zoom,,,,,
50,188,,BKAD,000.2.3.2/530/BKAD,"Rencana Inventarisasi Aset Tetap Prov. Kaltara",Command Center,"Senin, 01 September 2025","Senin, 01 September 2025",09.00,Selesai,Peminjaman Ruangan,,,,,1 Hari di Gedung Gadis
51,189,,Dinas Sosial ,460/491/DINSOS-PFM,Peningkatan Kapasitas Pengelola SIKS-NG Daerah ,Ruang Rapat Lt.1 Kantor Gubernur ,"Selasa, 02 September 2025","Rabu, 03 September 2025",08.00,Selesai,,,,,,
52,190,,IKP,,,Command Center,"Kamis, 04 September 2025","Kamis, 04 September 2025",08.00,Selesai,Peminjaman Ruangan,,,,,
53,191,,Biro EKonomi ,500.2.3/4815/SJ,Rapat Pengedalian INFLAsi ,Ruang Gubernur kecil,"Selasa, 02 September 2025","Selasa, 02 September 2025",08.00,Selesai,Fasilitasi Perlatan + Operator,,,,,
54,192,,Persandian ,,,Command Center,"Senin, 08 September 2025","Rabu, 10 September 2025",08.00,Selesai,Peminjaman Ruangan,,,,,
56,193,,Dinas Pertanian dan Ketahanan Pangan ,500.6/1241/DPKP-VII,Pengembangan Ketenagaan Penyuluh Pertanian ,Hotel Luminor ,"Selasa, 09 September 2025","Rabu, 10 September 2025",14.00,Selesai ,Fasilitasi Zoom Meeting,,,diskominfo.kaltara002@gmail.com,,
55,194,,Inspektorat ,800.1.13.1/839/itda,Technical Meeting Lomba Film Pendek ,Inspektorat ,"Rabu, 10 September 2025","Rabu, 10 September 2025",,,Fasilitasi Link Zoom,,,diskominfo.kaltara001@gmail.com,,
57,195,,Dinas Pertanian dan Ketahanan Pangan ,500.1.2.3/1249/DPKP,Rapat Koordinasi Hasil Monitoring dan Evaluasi Kementrian Dalam Negeri,Ruang Rapat Benuanta Lt.1,"Rabu, 10 September 2025","Rabu, 10 September 2025",09.00,Selesai,Fasilitasi Zoom Meeting,,,diskominfo.kaltara003@gmail.com,,
58,196,,BAPEDDA,400.1.5.6/1196/Bapp-Lit3,Launching SIKOMPAS KALTARA,Ruang Serbaguna Kantor Gubernur,"Jumat, 12 September 2025","Jumat, 12 September 2025",08.00,Selesai,Fasilitasi Zoom Meeting,,,diskominfo.kaltara001@gmail.com,,
,197,,Dinas PErhubungan ,500.11.6.2/804/DISHUB-D/IX/2025,Pemilihan Pelajar Pelopor Keselamatan Berlalu Lintas Tingkat Nasional Tahun 2025,Command Center,"Sabtu, 13 September 2025","Sabtu, 13 September 2025",08.00,Selesai,Fasilitasi Zoom Meeting,,,,,
,198,,Piala Gubernur Kalimantan Utara,019/PAN-PBG/IX/2025,Turnamen Basket SMA/SMK Sederajat ,Gor Dome Sport Center ,"Selasa, 16 September 2025","Selasa, 16 September 2025",19.00,Selesai,Live Streaming,,,,,
59,199,,Kadis,,Workshop Manajemen Risiko SPBE ,Command center,"Kamis, 18 September 2025","Kamis, 18 September 2025",08.00,Selesai,Fasilitasi Zoom Meeting,,,diskominfo.kaltara001@gmail.com,,
,200,,IKP,,Rapat Pleno Tim Pansel KPID Kaltara Tahun 2026 - 2029,,"Senin, 22 September 2025","Senin, 22 September 2025",16.00,Selesai,,,,diskominfo.kaltara002@gmail.com,,
,201,,Inspektorat,," Sosialisasi Penggunaan Sistem lnformasi Reviu Kecukupan Anggaran dan SDM
(SICUKUP",Balikpapan,"Selasa, 23 September 2025","Selasa, 23 September 2025",08.30,Selesai,Fasilitasi Zoom Meeting,,,diskominfo.kaltara001@gmail.com,,
,202,,Dinas Kelautan dan Perikanan ,500.5.2.1/0855/DKP,Sosialisasi dan Validasi Data Statistik ,UPTD Perikanan Tengkayu II,"Rabu, 24 September 2025","Kamis, 25 September 2025",08.00,Selesai,Fasilitasi Zoom Meeting,,,diskominfo.kaltara001@gmail.com,,
60,203,,Persandian ,,Manajemen Keamanan Informasi SPBE di Pemerintah Provinsi Kalimantan Utara,,"Rabu, 24 September 2025","Rabu, 24 September 2025",09.01,Selesai,Fasilitasi Zoom Meeting,,,diskominfo.kaltara003@gmail.com,,
61,204,,Biro Pemerintah dan Otonomi Daerah,200.1.4.6/106/PEMOTDA,pembahasan persiapan pelaksanaan pertemuan Tim Teknis dan Sidang ke-38 KK/JKK SOSEK MALINDO Tingkat Provinsi Kalimantan Barat/Peringkat Negeri Serawak Tahun 2025,Ruang Rapat Biro Otda Lt. 2,"Rabu, 24 September 2025","Rabu, 24 September 2025",08.30,Selesai,Fasilitasi Zoom Meeting,,,diskominfo.kaltara002@gmail.com,,
,205,,Biro Pemerintah dan Otonomi Daerah,200.1.4.6/107/PEMOTDA,Pembahasan Rencana Kerja dari Nota Kesepakatan antara Pemerintah Provinsi Kalimantan Utara dengan Badan Penyuluhan dan Pengembangan Sumber Daya Manusia Pertanian ,Ruang Rapat Biro Otda Lt. 2,"Rabu, 24 September 2025","Rabu, 24 September 2025",14.00,Selesai,Fasilitasi Zoom Meeting,,,,,
62,206,,Badan Keuangan Aset dan Daerah ,000.2.3.2/569/BKAD,Rapat Penyelesaian Aset Tanah Pelabuhan Perikanan Tengkayu II Tarakan ,Ruang Rapat Lantai 1 Kantor Gubernur Kalimantan Utara,"Kamis, 25 September 2025","Kamis, 25 September 2025",09.00,Selesai,Fasilitasi Zoom Meeting,,,diskominfo.kaltara002@gmail.com,,
64,207,,SEKDA ,,Rapat Koordinasi Pembangunan Satuan Pelayanan Pemenuhan Gizi (SPPG) di Daerah Terpencil ,Ruang Sekda ,"Sabtu, 27 September 2025","Sabtu, 27 September 2025",09.30,Selesai ,Fasilitasi Zoom Meeting,,,diskominfo.kaltara001@gmail.com,,
,,,BKAD ,000.2.3.2/590/BKAD,"Rapat Koordinasi terkait Pelaporan Survey
Aset (berupa Tanah dan/atau bangunan yang idle) Koperasi Desa/Kelurahan Merah Putih
(KDKMP) pada SIPD",Command Center,"Selasa, 30 September 2025","Selasa, 30 September 2025",09.00,Selesai,Peminjaman Ruangan ,,,,,
63,208,,Dinas Sosial ,460/530/DINSOS-RS,Sosialisasi Mengenai Masyrakat Inklusif dan Ramah Disabilitas ,Command Center,"Rabu, 01 Oktober 2025","Rabu, 01 Oktober 2025",08.30,Selesai,Fasilitasi Zoom Meeting,Khaidir,,diskominfo.kaltara002@gmail.com,,
66,209,,Dinas Tenaga Kerja dan Transmigrasi,500.15.14.1/581/DTKT,Pembahasan Rencana Kerja antara BPJS Ketenagakerjaan dan Pemerintah Daerah Provinsi Kalimantan Utara,Ruang Rapat Disnaker Kota Tarakan ,"Rabu, 01 Oktober 2025","Rabu, 01 Oktober 2025",10.00,Selesai,Fasilitasi Zoom Meeting,Prezza,,diskominfo.kaltara001@gmail.com,,
70,210,,BPPD,,Rapat Finalisasi Persiapan Kunjungan Kerja Anggota DPR RI Komisi II,Ruang Rapat Asisten Pemerintah dan Kesra ,"Rabu, 01 Oktober 2025","Rabu, 01 Oktober 2025",14.00,Selesai ,Fasilitasi Zoom Meeting,Chai,,diskominfo.kaltara003@gmail.com,,
67,211,,IKP ,,Sosialisasi keterbukaan informasi publik,,"Jumat, 03 Oktober 2025","Jumat, 03 Oktober 2025",08.00,Selesai,Fasilitasi Zoom Meeting,Jumardin,,diskominfo.kaltara001@gmail.com,,
68,212,,IKP ,,Rapat Survei Diseminasi Informasi,,"Jumat, 03 Oktober 2025","Jumat, 03 Oktober 2025",10.00,Selesai ,Fasilitasi Zoom Meeting,Zidan,,diskominfo.kaltara002@gmail.com,,
72,213,,DWP,B.049SET/DWPPKU/X/2025,Sosialisasi Peenggunaan Aplikasi e- Reporting DWP,COMMAND CENTER,"Kamis, 09 Oktober 2025","Kamis, 09 Oktober 2025",08.00,Selesai,Fasilitasi Zoom Meeting,Khaidir,,,,
73,214,,Statistik,,,Peminjaman Ruangan Command Center ,"Jumat, 10 Oktober 2025","Jumat, 10 Oktober 2025",08.00,Selesai,,Prezza,,,,
74,215,,BKAD,,finalisasi penyusunan database Sistem Informasi Manajemen Standar Harga Satuan (SHS) Provinsi Kalimantan Utara,,"Selasa, 14 Oktober 2025","Selasa, 14 Oktober 2025",08.30,Selesai,PInjam ID ZOOM ,Chai,,diskominfo.kaltara002@gmail.com,,
,216,,Biro Hukum,1000.1.2/245/HK,Rapat Kordinasi Penyusunan Produk Hukum ,Ruang Rapat Lantai 1 Gubernur ,"Rabu, 15 Oktober 2025","Rabu, 15 Oktober 2025",08.30,Selesai,Fasilitasi Zoom Meeting,Jumardin,,diskominfo.kaltara002@gmail.com,,
,217,,Biro Pemerintah dan Otonomi Daerah,200.1.4.6/117/PEMOTDA,Rapat Pembahasan Perjanjian Kerja Sama Antara Pemprov Kaltara dan PEmprov Jabar ,Ruang Rapat Biro Otda Lantai 2 ,"Kamis, 16 Oktober 2025","Kamis, 16 Oktober 2025",09.00,selesai,Peralatan dan Operator,,,,,
,218,,Persandian ,,Workshop TTIS,Tarakan ,"Kamis, 16 Oktober 2025","Kamis, 16 Oktober 2025",10.00,Selesai,Fasilitasi Zoom Meeting,,,diskominfo.kaltara001@gmail.com,,
,219,,Biro Organisasi ,000.8.6.3/292/BO/2025,Pendampinagan Penyusunan Pohon Kinerja dan Rencana Strategi (Rentra) dilingkungan Pemerintahan Provinsi Kalimantan Utara,"Hotek Yuan Garden , Jakarta Pusat ","Jumat, 17 Oktober 2025","Sabtu, 18 Oktober 2025",08.00,Selesai ,Fasilitasi Zoom Meeting,,,diskominfo.kaltara002@gmail.com,,
,220,,Biro Pemerintahan dan Otonomi Daerah,100.1.3/121/PEMOTDA,TIM teknis dan sidang ke-27 (8) JKK/KK SOSEK MALINDO Peringkat Negeri SABAH -TIngkat Provinsi Kalimantan Utara,Ruang Rapat Biro Pemerintahan Kalimantan Utara Lantai 2,"Jumat, 17 Oktober 2025","Jumat, 17 Oktober 2025",09.00,Selesai ,Fasilitasi Zoom Meeting,,,diskominfo.kaltara001@gmail.com,,
,221,,Biro Pemerintahan dan Otonomi Daerah,200.1.4.6/121/PEMOTDA,Finalisasi Penyusunan Kertas sebagai  bahan Petemuan (SOSEK) MALINDO Ke - 27 (8) Tahun 2025 antara Provinsi Kalimantan Utara (Indonesia) dan Negeri sabah (Malaysia),Ruang Rapat Benuanta Lantai 1,"Senin, 20 Oktober 2025","Senin, 20 Oktober 2025",09.00,Selesai ,Fasilitasi Zoom Meeting,,,,-,
,222,,ADpim ,,Undangan Pembahasan Perubahan RKA ,Adpim ,"Senin, 20 Oktober 2025","Senin, 20 Oktober 2025",14.00,Selesai,Fasilitasi Zoom Meeting,,,diskominfo.kaltara001@gmail.com,,
,223,,KI ,,Rapat Pleno Hasil Verifikasi ,KI,"Selasa, 21 Oktober 2025","Selasa, 21 Oktober 2025",10.00,Selesai,Fasilitasi Zoom Meeting,,,diskominfo.kaltara001@gmail.com,,
,224,,Disperindagkop ,,Kegiatan Akad Massal KUR 800.000 UMKM,Aula Kantor Gubernur ,"Selasa, 21 Oktober 2025","Selasa, 21 Oktober 2025",08.00,Selesai ,Fasilitasi Zoom Meeting,Zidan,,,,
,225,,Bappeda,500/398/BAPP-LIT 2,Kegiatan dan Evaluasi Monitoring Sembilan Langkah konkrit Pertumbuhan Ekonomi Daerah di Provinsi Kalimantan Utara,Ruang Rapat Benuanta Lantai 1,"Selasa, 21 Oktober 2025",21/101/25,09.00 ,Selesai,,,,diskominfo.kaltara002@gmail.com,,
74,226,,Statistik ,,Rapat Prioritas Kegiatan Presiden ,Command Center,"Rabu, 22 Oktober 2025","Rabu, 22 Oktober 2025",09.00,Selesai ,Peminjaman Ruangan,,,diskominfo.kaltara001@gmail.com, ,
,227,,Dinas Sosial ,460/543/DINSOS-RS,"Draft Penyusunan Rencana Pergub Kaltara Tentang Penghormatan, Perlindungan dan Pemenuhan Hak Penyandang Disabilitas ",Dinsos,"Rabu, 22 Oktober 2025","Rabu, 22 Oktober 2025",14.00,Selesai ,Fasilitasi Zoom Meeting,,,diskominfo.kaltara002@gmail.com,,
,228,,Pak Kadis,,Survey Diseminasi Informasi ,Command Center,"Jumat, 24 Oktober 2025","Jumat, 24 Oktober 2025",16.00,Selesai,Fasilitasi Zoom Meeting,,,diskominfo.kaltara001@gmail.com,,
,229,,Badan Kepegawaian Daerah ,800.1.2.5/10298/BKD,"Pelantikan dan Pengambilan Sumpah/Janji Jabatan Pejabat Fungsional, Pengangkatan Pertama dalam Jabatan Fungsional dan Perpindahan Jabatan Administrasi kedalam Jabatan Fungsional serta Pegawai Pemerintah dengan Perjanjian Kerja (PPPK) Tahap II Formasi tahun 2024",Ruang Serba Guna Kantor Gubernur Lantai 1 ,"Jumat, 24 Oktober 2025","Jumat, 24 Oktober 2025",10.00,12.00,Fasilitasi Zoom Meeting,,,diskominfo.kaltara002@gmail.com,,
,230,,DEDSDM,000/36/SP/DESDM/X/2025,Energi  untuk negeri ,Agathis,"Minggu, 26 Oktober 2025","Minggu, 26 Oktober 2025",19.00,Selesai ,Live Streaming,,,,,
,231,,BKAD,900/700/BKAD,Pendampingan Penyusunan Perubahan APBD TA. 2025 oleh Tim Kementrian Dalam Negri RI,BKAD,"Senin, 27 Oktober 2025","Senin, 27 Oktober 2025",10.00,Selesai,Fasilitasi Zoom Meeting,,,diskominfo.kaltara002@gmail.com,,
,232,,BKAD ,,,Command Center,"Senin, 27 Oktober 2025","Senin, 27 Oktober 2025",14.00,Selesai,Peminjaman Ruangan,,,,,
,233,,DPKP ,000.1.4/4539/DPKP/SETDA,Asistensi Percepatan Pendaftaran Investor Pembangunan Satuan Pemenuhan Pelayanan Gizi (SPPG) di Daerah Terpencil ,Ruang Rapat Benuanta Lantai 1,"Selasa, 28 Oktober 2025","Rabu, 29 Oktober 2025",10.00,Selesai,Fasilitasi Zoom Meeting,,,diskominfo.kaltara002@gmail.com,,
,234,,Poll PP,,Sosialisasi Pemanfaatan Aplikasi SIM LINMAS bagi Aparatur Bidang Linmas dan Anggota Satlinmas Se-Provinsi Kalimantan Utara,Ruang Rapat Kantor Satpol PP Kaltara,"Kamis, 30 Oktober 2025","Kamis, 30 Oktober 2025",09.00,Selesai ,Fasilitasi Zoom Meeting,Zidane,,diskominfo.kaltara001@gmail.com,,
,235,,Dinas Sosial ,460/580/DINSOS-RS,Lokakarya Finalisasi Rancangan Akhir Peraturan Gubernur Tentang Pelaksanaan Perda Nomor 17 Tahun 2024,Ruang Lantai 1 Kantor Gubernur Kalimantan Utara,"Selasa, 04 November 2025","Selasa, 04 November 2025",08.00,Selesai,Fasilitasi Zoom Meeting,Prezza,,diskominfo.kaltara001@gmail.com,,
,236,,,,,,,,,,,,,,,
,237,,,,,,,,,,,,,,,
,237,,,,,,,,,,,,,,,
,238,,,,,,,,,,,,,,,
,239,,,,,,,,,,,,,,,
,240,,,,,,,,,,,,,,,
,241,,,,,,,,,,,,,,,
,242,,,,,,,,,,,,,,,
143,243,,,,,,,,,,,,,,,
,244,,,,,,,,,,,,,,,
,245,,,,,,,,,,,,,,,
,246,,,,,,,,,,,,,,,
,247,,,,,,,,,,,,,,,
,248,,,,,,,,,,,,,,,
,249,,,,,,,,,,,,,,,
,250,,,,,,,,,,,,,,,
,251,,,,,,,,,,,,,,,
,252,,,,,,,,,,,,,,,
,242,,,,,,,,,,,,,,,
,243,,,,,,,,,,,,,,,
,244,,,,,,,,,,,,,,,
,245,,,,,,,,,,,,,,,
,246,,,,,,,,,,,,,,,
,247,,,,,,,,,,,,,,,
,248,,,,,,,,,,,,,,,
,249,,,,,,,,,,,,,,,
,250,,,,,,,,,,,,,,,
,251,,,,,,,,,,,,,,,
,252,,,,,,,,,,,,,,,
,253,,,,,,,,,,,,,,,
,254,,,,,,,,,,,,,,,
,255,,,,,,,,,,,,,,,
,256,,,,,,,,,,,,,,,
,257,,,,,,,,,,,,,,,
,258,,,,,,,,,,,,,,,
,259,,,,,,,,,,,,,,,
,260,,,,,,,,,,,,,,,
,261,,,,,,,,,,,,,,,
,262,,,,,,,,,,,,,,,
,263,,,,,,,,,,,,,,,
,264,,,,,,,,,,,,,,,
,265,,,,,,,,,,,,,,,
,266,,,,,,,,,,,,,,,
,267,,,,,,,,,,,,,,,
,268,,,,,,,,,,,,,,,
,269,,,,,,,,,,,,,,,
,270,,,,,,,,,,,,,,,
,271,,,,,,,,,,,,,,,
,272,,,,,,,,,,,,,,,
,273,,,,,,,,,,,,,,,
,274,,,,,,,,,,,,,,,
,275,,,,,,,,,,,,,,,
,276,,,,,,,,,,,,,,,
,277,,,,,,,,,,,,,,,